date,AOD,Albedo,EVI,Evapo,FPAR,Fire,GPP,GroundWater,Habitat_Patchiness,LAI,LST_Day,LST_Night,NDVI,Rain,SoilMoist,Temp_Delta,Carbon_Flux,Dust_Stress,Fire_Pressure,Rain_norm,Aridity_safe,Groundwater_Anomaly
2005-01-01,0.4506443064651666,0.35357829423180315,0.034754415874409084,5.966167235966917,0.043642260193793546,168.0909090909091,0.0,0.037791634945430634,0.033005093796994435,0.054387788491832005,268.7954534315447,254.10122229860977,0.047095645645018,2.3531014140924578,0.1779237623300966,14.694231132934902,0.0,0.4506443064651666,0.0,0.038312395117275584,0.25541596744850387,0.037791634945430634
2005-02-01,0.26500942214889317,0.2571965850197076,0.049956087003753966,5.966167235966917,0.08145015612892705,168.0909090909091,0.0,0.03981935883749962,0.03926377162416346,0.0911703323816785,276.9448805274072,257.5019289758883,0.07174480839804481,1.4563515086334684,0.17248290221401957,19.442951551518888,0.0,0.26500942214889317,0.0,0.023711818833751924,0.13806425390627333,0.03981935883749962
2005-03-01,0.19564839426137104,0.24685077948798087,0.05356995510502443,5.966167235966917,0.06477574687853635,168.0909090909091,0.0,0.02253739603625208,0.03556312084736864,0.09272093733312067,292.90881688946314,267.4610977027336,0.08193973573352771,1.7918266009987645,0.16559716857397047,25.447719186729557,0.0,0.19564839426137104,0.0,0.029173909933493506,0.16034930366295655,0.02253739603625208
2005-04-01,0.24246867795253096,0.2477129126364741,0.06178255769790265,5.966167235966917,0.06772727291158039,168.0909090909091,0.0,0.03281046258667705,0.02186349430046948,0.11468949988869657,299.49921587770393,274.24053646776224,0.09185450969983705,4.328049105214874,0.16905446303277605,25.258679409941692,0.0,0.24246867795253096,0.0,0.07046782021926404,0.3672982216029915,0.03281046258667705
2005-05-01,0.23315731918883667,0.24387826905111953,0.07320881863127095,5.966167235966917,0.08467901628030795,168.0909090909091,0.0,0.01784524083566605,0.03553936159978389,0.1563486956412435,308.68651082610637,281.3495436547305,0.1086251749080699,13.333358014323748,0.17404522706440484,27.336967171375875,0.0,0.23315731918883667,0.0,0.21708919021744844,1.0405704408066196,0.01784524083566605
2005-06-01,0.16791414751107556,0.2439414447202573,0.09406913043086201,5.966167235966917,0.1154418483102352,168.0909090909091,0.0,0.025905932446358873,0.06689913403055772,0.20979565580028822,316.85897236713373,287.9752462234614,0.13334847382849768,12.636556224186126,0.1897301848398814,28.883726143672334,0.0,0.16791414751107556,0.0,0.20574410099082296,0.8817032210034385,0.025905932446358873
2005-07-01,0.21522802996647947,0.24049027465263045,0.12087258988983395,5.966167235966917,0.1658137944093643,168.0909090909091,0.0,0.028039391937513283,0.13031939773467835,0.3239039652003394,315.9418038886535,292.04498528541563,0.1676396413818696,20.147777292190135,0.21232775322579678,23.896818603237875,0.0,0.21522802996647947,0.0,0.32803924205322477,1.2256750919239827,0.028039391937513283
2005-08-01,0.25593209781160065,0.23873256487743041,0.11957266282251729,5.966167235966917,0.19785503263887216,168.0909090909091,0.0,0.03072517832995978,0.12369895387922357,0.40344610865729913,310.6127090638681,288.9846182724236,0.17926937432926845,30.9198080487766,0.23603852526818575,21.62809079144455,0.0,0.25593209781160065,0.0,0.5034257749455847,1.8026529982196613,0.03072517832995978
2005-09-01,0.18757855489786715,0.23782529626084886,0.09980797596355089,5.966167235966917,0.16778376194281847,168.0909090909091,0.0,0.014539581580458854,0.07216470321727629,0.27817159057687596,301.6013837416133,282.61982252946865,0.1456930526612318,12.802871271611604,0.2086075848682371,18.98156121214464,0.0,0.18757855489786715,0.0,0.20845198590081984,0.8484244208086708,0.014539581580458854
2005-10-01,0.1674587521927015,0.24522290803158786,0.07615045047501774,5.966167235966917,0.10851071939327676,168.0909090909091,0.0,0.0023481000878299244,0.037939247076261305,0.14952342258288068,295.08131382977797,273.9036785056443,0.11484245689987138,4.920839751430491,0.185630373385255,21.17763532413369,0.0,0.1674587521927015,0.0,0.08011943545506428,0.3729217986573502,0.0023481000878299244
2005-11-01,0.15992340997325746,0.24559349849980827,0.06492776635777264,5.966167235966917,0.09016247261509586,168.0909090909091,0.0,0.002086069334036754,0.02722106946435775,0.10058741456092313,283.95652921055756,264.8527575886345,0.09806199430616855,0.04194266065838363,0.17583994790403035,19.103771621923045,0.0,0.15992340997325746,0.0,0.0006828961037506158,0.0034478906775773457,0.002086069334036754
2005-12-01,0.15392517050431326,0.25051879203659877,0.0582940679988139,5.966167235966917,0.08778722471658185,168.0909090909091,0.0,0.004979700744502902,0.03259375079805661,0.09748383261746359,270.62127601610536,254.151918708067,0.08677187614036819,0.2445616465220819,0.16623507478139068,16.469357308038354,0.0,0.15392517050431326,0.0,0.003981869364393376,0.021319426921646418,0.004979700744502902
2006-01-01,0.2021748922983561,0.2690872918858001,0.04289398897466279,5.966167235966917,0.08296400256099293,168.0909090909091,0.0,0.017401558791005075,0.03252006887009551,0.09173418872765753,271.5995542868078,256.11041171863906,0.06027674627080976,5.9872739202751575,0.16376122702694243,15.489142568168745,0.0,0.2021748922983561,0.0,0.09748275307437657,0.6082151986643525,0.017401558791005075
2006-02-01,0.16691483662592957,0.27029603928799517,0.053837182342043745,5.966167235966917,0.0824503746810417,168.0909090909091,0.0,0.009274895831977522,0.03428870653687486,0.09156230701827993,281.3061287736851,260.74762971875356,0.08022731743559268,1.5550162533945104,0.1622432586185813,20.55849905493153,0.0,0.16691483662592957,0.0,0.025318244575877488,0.14047950630417277,0.009274895831977522
2006-03-01,0.19935839676410788,0.25581822804543286,0.05409986330122717,5.966167235966917,0.06532361526556092,168.0909090909091,0.0,-0.01321735109773723,0.04071579789403877,0.09362109632066079,291.5145197654798,267.19377425579864,0.07987105420112224,2.234462080981128,0.15887855543202672,24.32074550968116,0.0,0.19935839676410788,0.0,0.03638074993641355,0.20226016964205104,-0.01321735109773723
2006-04-01,0.2803347708440518,0.25534304101470956,0.0586055240377676,5.966167235966917,0.06452979870904217,168.0909090909091,0.0,0.002549553612910781,0.021112721509278884,0.10659557032573191,296.6390658872739,273.07549795172287,0.08387588331643954,4.2749308086782,0.16503339357193883,23.56356793555102,0.0,0.2803347708440518,0.0,0.06960296622160728,0.3785323282544056,0.002549553612910781
2006-05-01,0.3077736074261244,0.25383397484333564,0.06966397591768601,5.966167235966917,0.0768556108491054,168.0909090909091,0.0,-0.001606922825970957,0.03144911364361252,0.13774678852062114,307.0650307724453,282.2149037669688,0.10370867750848684,26.459803632100694,0.21276069462156663,24.85012700547651,0.0,0.3077736074261244,0.0,0.4308095033250164,2.1148313787814375,-0.001606922825970957
2006-06-01,0.15957031876917224,0.24999853947710884,0.09164466441289637,5.966167235966917,0.11424368398580657,168.0909090909091,0.0,0.0050689834935173485,0.07273288956417577,0.20924998509871984,316.678048719673,287.8517942486695,0.13215656664284922,19.1771768031705,0.18574188373007247,28.826254471003494,0.0,0.15957031876917224,1.0,0.3122362557417814,1.344938289952087,0.0050689834935173485
2006-07-01,0.28251180546897897,0.23947903138623208,0.113382404838956,5.966167235966917,0.1666600492816776,201.86060606060605,0.0,0.012669397486562227,0.12316547732753018,0.33935596462780565,313.12414013622396,291.3025265626347,0.16421734599807786,54.539439056001626,0.23464178695636648,21.821613573589275,0.0,0.28251180546897897,1.0,0.8879925557284137,3.3608412512586274,0.012669397486562227
2006-08-01,0.35615719407975005,0.23352454542695572,0.13150337675135113,5.966167235966917,0.21721976165249657,235.63030303030303,0.0,0.03252581698169837,0.13671973465833565,0.45256415558802,307.3305688293128,290.27222015511774,0.19194978836207943,57.951802845657824,0.2682118269080061,17.058348674195088,0.0,0.35615719407975005,1.0,0.9435514997714669,3.231896502015147,0.03252581698169837
2006-09-01,0.2574952656087851,0.2346180215308088,0.09680013547468552,5.966167235966917,0.18402189819201803,269.4,0.0,-0.0008747661728551017,0.07474517028979842,0.30846605609936706,303.6569041515143,282.2005609101268,0.14857463131427,12.738824600832821,0.2042578541542349,21.456343241387515,0.0,0.2574952656087851,2.0,0.2074091998389326,0.8343940761062925,-0.0008747661728551017
2006-10-01,0.190165412649275,0.24421622830821513,0.07684592478598455,5.966167235966917,0.11649256294321195,274.0,0.0,-0.0019183331400806003,0.04094518257520756,0.16317846949454476,296.45616511238774,277.01773755362154,0.11767009404871294,2.5403079155690276,0.1947837972067087,19.438427558766193,0.0,0.190165412649275,3.0,0.04136042756081538,0.1900142862600097,-0.0019183331400806003
2006-11-01,0.12834229977717412,0.24540125420875444,0.06608378089638983,5.966167235966917,0.0909506956161043,272.97233201581025,0.0,0.0005221853888714074,0.030995115981697154,0.10221372207226334,286.6413128903625,267.6076026465182,0.10241363453239508,0.31276933517739125,0.17697151691469282,19.03371024384427,0.0,0.12834229977717412,3.0,0.005092403700970698,0.02515840255887352,0.0005221853888714074
2006-12-01,0.2034480850318552,0.24718179070393628,0.0543371328203284,5.966167235966917,0.08542596780269174,271.94466403162056,0.0,-0.007067845876807969,0.03871808558831366,0.09498394513733693,272.5848307822787,259.5738906251374,0.08238282182975967,1.8732929239753953,0.16896880533199737,13.010940157141306,0.0,0.2034480850318552,3.0,0.030500316834590046,0.16723239901979225,-0.007067845876807969
2007-01-01,0.19490022049613456,0.25039742911741736,0.051617545329215295,5.966167235966917,0.08312731856829314,270.9169960474308,0.0,-0.011407696316143256,0.048288321370834004,0.09238358045130385,273.5323122880829,256.8338293482039,0.07746018253010536,2.693683734659247,0.16502468396542674,16.698482939879,0.0,0.19490022049613456,3.0,0.043857640365681495,0.24714073737775646,-0.011407696316143256
2007-02-01,0.20047914062093913,0.2693593785880622,0.053923780288009635,5.966167235966917,0.08166927591129952,269.8893280632411,0.0,-0.002068900819388182,0.034603183652946394,0.09101823795094599,281.62415438549044,263.277689010882,0.07716677414850152,2.0869108808261347,0.16190398617969862,18.346465374608442,0.0,0.20047914062093913,3.0,0.033978371591599804,0.19178749376064763,-0.002068900819388182
2007-03-01,0.2449843646539877,0.24446309395110505,0.05464235413023473,5.966167235966917,0.06458150919358308,268.8616600790514,0.0,-0.011287888453424806,0.03238141882342172,0.09255092081804162,290.35952844848947,268.5098368314126,0.08194425742504513,6.452873896301395,0.16711986952322005,21.84969161707687,0.0,0.2449843646539877,3.0,0.1050634931739235,0.5774488003129535,-0.011287888453424806
2007-04-01,0.17786444891422876,0.24972286459964171,0.06332213404132135,5.966167235966917,0.07163608356232645,267.8339920948617,0.0,-0.008613928894500735,0.023100434476705487,0.1246015884156838,302.40014322137046,275.8102836508324,0.09446731287794856,6.312329488197557,0.18476699870263058,26.589859570538067,0.0,0.17786444891422876,3.0,0.10277519702886567,0.5284960002165987,-0.008613928894500735
2007-05-01,0.2223775124977392,0.253313608339284,0.07655392890883075,5.966167235966917,0.09194927806843727,266.80632411067194,0.0,-0.009599529306726046,0.03368006393639029,0.1656808506583527,310.25875789943154,280.7288358884851,0.10956326992100159,10.812520720453461,0.18887163342229116,29.52992201094645,0.0,0.2223775124977392,3.0,0.17604577668213728,0.840060267949153,-0.009599529306726046
2007-06-01,0.3375157668177344,0.24137764154196245,0.09788772932067527,5.966167235966917,0.10995137114082171,265.77865612648225,0.0,0.004020125119863551,0.07972834560770066,0.21026377902151117,313.277333604915,288.83543665266023,0.14347324744200804,60.922640977732684,0.24547427107662323,24.44189695225475,0.0,0.3375157668177344,2.0,0.9919216735616259,4.074047904576817,0.004020125119863551
2007-07-01,0.29158664309055465,0.23428068846341804,0.1321060745239411,5.966167235966917,0.17972153865554397,264.7509881422925,0.0,0.01742325018564665,0.1396126904688486,0.3643668010012049,312.12219985671686,290.1271939831746,0.1898243244274874,51.75554036197956,0.2528331242207781,21.995005873542254,0.0,0.29158664309055465,2.0,0.8426660661461632,2.907506358587214,0.01742325018564665
2007-08-01,0.17332412779212752,0.2303185408889221,0.13841475728757371,5.966167235966917,0.24274878346756582,263.7233201581028,0.0,0.001542324022409373,0.1392627787517321,0.5161927248501853,309.43283288235534,289.2955025083275,0.20816300596757484,28.428224876112424,0.23159624206009397,20.13733037402784,0.0,0.17332412779212752,2.0,0.46285866703983336,1.5019929650106532,0.001542324022409373
2007-09-01,0.23589118889628338,0.22112332979426955,0.10027689868580252,5.966167235966917,0.19959789249263296,262.69565217391306,0.0,0.01044974125621114,0.08018551880241691,0.352812489989787,302.2926331116781,283.6682281656111,0.16313809592750372,30.13925996212533,0.2576264351069986,18.62440494606699,0.0,0.23589118889628338,2.0,0.49071715706591273,1.8648655008931454,0.01044974125621114
2007-10-01,0.15257857816376755,0.22218024729667588,0.07323619751758428,5.966167235966917,0.11123165267162738,258.1387163561077,0.0,0.007105044255403366,0.0390147647660181,0.16229988188454378,293.20205119200415,273.05576773081066,0.11757897893267105,10.057401085435393,0.2207058066448873,20.14628346119349,0.0,0.15257857816376755,1.0,0.16375117618410348,0.7526056836344269,0.007105044255403366
2007-11-01,0.15196457537015073,0.23281759395956253,0.06262886942028245,5.966167235966917,0.08935920844397804,253.5817805383023,0.0,0.005957645726817101,0.031846296291582296,0.09978422540305429,283.20761978426833,266.50784700870764,0.09975972084886893,0.006073601034351487,0.19636668885934755,16.69977277556069,0.0,0.15196457537015073,1.0,9.88883017192496e-05,0.0004950362430375288,0.005957645726817101
2007-12-01,0.18495263399680187,0.28743193933924543,0.05170995210073618,5.966167235966917,0.08133741932527822,249.0248447204969,0.0,0.005340322239823363,0.03580045041590268,0.09484729938112031,272.5572805411035,258.8511220137982,0.07584266157565463,2.9830095116958932,0.17986603828596404,13.70615852730532,0.0,0.18495263399680187,1.0,0.048568344044263044,0.2762034173565268,0.005340322239823363
2008-01-01,0.16600733356167446,0.4620569165209378,0.029188605469478268,5.966167235966917,0.04426755644544243,244.46790890269153,0.0,0.005460230483764118,0.025768197510736304,0.054534510352031086,264.92989036054263,254.62067383182276,0.04393580008462053,4.635521804400848,0.1741065760698394,10.309216528719872,0.0,0.16600733356167446,1.0,0.07547398589849871,0.5031599059899914,0.005460230483764118
2008-02-01,0.1882025190053752,0.31805706957731633,0.034804309130780295,5.966167235966917,0.04747412549757088,239.91097308488614,0.0,0.01579405071496213,0.028878862433171656,0.06919858683148472,279.2084004298485,259.8511349545132,0.049173914498221075,0.47188461221175293,0.1698710543222171,19.357265475335282,0.0,0.1882025190053752,1.0,0.0076830644036613915,0.051220429357742604,0.01579405071496213
2008-03-01,0.18850144434952376,0.24245891909650838,0.055814127833913554,5.966167235966917,0.0656260078638212,235.35403726708077,0.0,0.009273825633150696,0.03705929285264382,0.09360556655074063,292.35998926256747,269.455641111636,0.08466885142003978,3.81555323894535,0.16507885964117172,22.90434815093147,0.0,0.18850144434952376,1.0,0.062123537220283645,0.3364050663800368,0.009273825633150696
2008-04-01,0.2837920866966461,0.2417002470013251,0.06046508903828338,5.966167235966917,0.07072001568385104,230.79710144927537,0.0,-0.014896116095067172,0.025623098602742398,0.12438747627452579,304.6847360242177,276.2012006784865,0.09115344731391152,5.1484427106445985,0.1807221754538547,28.48353534573124,0.0,0.2837920866966461,1.0,0.08382518925345514,0.43852303179130064,-0.014896116095067172
2008-05-01,0.2637908378006791,0.2470096779570661,0.07261664786081691,5.966167235966917,0.09040835996303669,226.24016563147,0.0,-0.01772577755633893,0.03127091770675468,0.16795973288795712,308.64288586715077,281.3937950985332,0.10677622168044502,8.604398780371122,0.18951159767441234,27.249090768617577,0.0,0.2637908378006791,1.0,0.14009388794121466,0.6775144975698308,-0.01772577755633893
2008-06-01,0.21939639123937907,0.24148642405324822,0.086992528638695,5.966167235966917,0.11750383682631486,221.6832298136646,0.0,-5.528950249352985e-05,0.055343162477974515,0.21651398429425328,315.36526854116653,286.68817310005386,0.12615437822664963,34.804498663612755,0.2207905267602174,28.67709544111267,0.0,0.21939639123937907,1.0,0.5666749833531095,2.5056998135370767,-5.528950249352985e-05
2008-07-01,0.30132862074475475,0.23528057092227772,0.11960862953187555,5.966167235966917,0.17385940935784128,217.1262939958592,0.0,0.013563986048331846,0.11852468828761983,0.3377079438219692,313.7556496805109,291.72831407385036,0.17744459123831316,71.28300641972784,0.20928627630821706,22.02733560666053,0.0,0.30132862074475475,1.0,1.0,3.604323283206636,0.013563986048331846
2008-08-01,0.2108620757924015,0.22386205651034846,0.14485619811256797,5.966167235966917,0.23872005501512153,212.56935817805385,0.0,0.02860117226814408,0.14772993176103502,0.5078815406991464,305.9652613243478,288.44522261515755,0.21078600972449354,105.21487996310567,0.2802159192754145,17.52003870919026,0.0,0.2108620757924015,1.0,1.0,3.2176480559291676,0.02860117226814408
2008-09-01,0.20786767189988475,0.2272595441426897,0.11202440515826337,5.966167235966917,0.20192676598420767,208.01242236024845,0.0,0.008403937181033848,0.10224976715161334,0.35918985285644456,302.6512027592483,283.25693553853114,0.17139133211588461,40.39146540178267,0.2817789389963151,19.394267220717154,0.0,0.20786767189988475,0.0,0.657640071342059,2.423216932592547,0.008403937181033848
2008-10-01,0.1399068630893955,0.23087766749117578,0.07482069507546439,5.966167235966917,0.11398379348893115,203.45548654244308,0.0,0.0019374585663318846,0.039167947232515904,0.15552754385132628,292.2757251586034,274.10788062573874,0.11814835400650478,6.567210917525494,0.24059711840597908,18.16784453286465,0.0,0.1399068630893955,0.0,0.10692508957917637,0.49014850497560053,0.0019374585663318846
2008-11-01,0.13460395906606287,0.2405787810619043,0.06431979186091889,5.966167235966917,0.09026717286418039,198.8985507246377,0.0,0.005848778053940646,0.028613204450738745,0.10073277807310024,279.05211001522406,264.88994141382943,0.09866218773122472,5.183103063066515,0.20877245176091072,14.162168601394626,0.0,0.13460395906606287,0.0,0.0843895172968364,0.4247890263395729,0.005848778053940646
2008-12-01,0.17295201675216415,0.24413932996854018,0.05638855064626705,5.966167235966917,0.08685104517784438,194.34161490683232,0.0,0.002185302151406876,0.03005332467445831,0.09642075296271917,272.6864715638021,257.7250132571731,0.08563045543709591,1.821290956527326,0.18843446423191687,14.961458306629027,0.0,0.17295201675216415,0.0,0.029653638526628327,0.1597455463695556,0.002185302151406876
2009-01-01,0.18948222196512876,0.27816925101639306,0.047815776659957704,5.966167235966917,0.07842018448393512,189.78467908902692,0.0,-0.01997584895904134,0.031031176005086866,0.08983051465981876,271.0236346164987,255.56287501908068,0.0688414904502492,2.3963639605010494,0.17801258107593626,15.460759597418047,0.0,0.18948222196512876,0.0,0.039016781150898655,0.23108526847786462,-0.01997584895904134
2009-02-01,0.22684205463947843,0.25651826460491955,0.05222085915195749,5.966167235966917,0.08241544689041705,185.22774327122153,0.0,-0.00445854529272354,0.048999652338580106,0.0915338019836745,280.5186406744128,261.8933190134259,0.07659916235957934,1.2497205786286967,0.17068515132320974,18.625321660986856,0.0,0.22684205463947843,0.0,0.02034752446616464,0.11521869183464403,-0.00445854529272354
2009-03-01,0.24044350980246515,0.24927361609871462,0.05434313809335698,5.966167235966917,0.06527585818197873,180.67080745341616,0.0,-0.010895510821582449,0.034486462008467514,0.09316862451246441,292.35686556523865,269.2486047746895,0.07964402412012891,3.37503058939071,0.16760891398509267,23.10826079054914,0.0,0.24044350980246515,0.0,0.05495109760218253,0.3058888146785024,-0.010895510821582449
2009-04-01,0.2976654328423206,0.24246813612517393,0.06168278841451141,5.966167235966917,0.07464882243390818,176.1138716356108,0.0,-0.02143817758631553,0.02588719057171614,0.1258061390031997,303.164425139113,277.3076003287079,0.0924179051844716,5.189968744466614,0.1706221477353242,25.8568248104051,0.0,0.2976654328423206,0.0,0.08450130198107254,0.4391550874647601,-0.02143817758631553
2009-05-01,0.2390212005028944,0.2432167205735907,0.07631462828196188,5.966167235966917,0.09186753187353483,171.5569358178054,0.0,-0.031181676708682545,0.04367084941153006,0.16936994142073447,309.50801137131884,282.24829338914816,0.1137076192871866,17.198217810667266,0.19786690772557394,27.259717982170685,0.0,0.2390212005028944,0.0,0.2800155199980518,1.310273919722809,-0.031181676708682545
2009-06-01,0.1957911424522786,0.2468114788544682,0.09246043259537819,5.966167235966917,0.12707821976124684,167.0,0.0,-0.020899571678422567,0.06350082815561879,0.22701833283256945,317.3841535163114,288.10382889115607,0.1346737673174596,3.9491688424572193,0.1851745313792293,29.280324625155345,0.0,0.1957911424522786,1.0,0.06429902093081225,0.2739932190368362,-0.020899571678422567
2009-07-01,0.1835360757537712,0.24003754653265638,0.126889722638093,5.966167235966917,0.17338732259873513,173.64444444444445,0.0,-0.01128876370373298,0.12216043133905946,0.343295741558679,314.2754384875939,291.3097640135346,0.17670562013782007,52.93326988358821,0.2139907089826728,22.965674474059256,0.0,0.1835360757537712,1.0,0.8618414567616811,3.1146510733407573,-0.01128876370373298
2009-08-01,0.23322320338962219,0.2363296041601416,0.13368818674153446,5.966167235966917,0.21985280981384056,180.2888888888889,0.0,-0.0005032087613586704,0.1396956041008861,0.45849281758278004,310.59367149953573,288.83512072807343,0.2025216690006285,49.635942483983676,0.25909628078667807,21.758550771462296,0.0,0.23322320338962219,1.0,0.8081554960087358,2.671397056212383,-0.0005032087613586704
2009-09-01,0.21688001994721715,0.23482720242849317,0.1071627984599357,5.966167235966917,0.1877036761763188,186.93333333333334,0.0,-0.02418443663825573,0.08868642231413702,0.32259352428868077,302.6800372166615,281.4308490122092,0.16222185685677445,15.323928690659127,0.22788777170197977,21.24918820445231,0.0,0.21688001994721715,1.0,0.24949898343923219,0.9514804998711778,-0.02418443663825573
2009-10-01,0.1749307791179328,0.2449515960305609,0.07953531712137851,5.966167235966917,0.11770345924611307,193.57777777777778,0.0,-0.014445577982555326,0.03990487280494239,0.1617485953262288,294.7785444501612,274.09111490194044,0.12003633517541502,6.096062447361683,0.18766723677842306,20.687429548220734,0.0,0.1749307791179328,1.0,0.09925401078940917,0.45108009415937117,-0.014445577982555326
2009-11-01,0.1935671014902468,0.25811263590824857,0.06426035600121707,5.966167235966917,0.08983995213749257,200.22222222222223,0.0,-0.008552182242501089,0.03289282729963857,0.10054473810441925,279.85386961965105,261.82791052022566,0.09677071097552588,4.240830294043102,0.1839882937231981,18.025959099425393,0.0,0.1935671014902468,1.0,0.06904775326623781,0.35090462866105054,-0.008552182242501089
2009-12-01,0.23936967554822414,0.2551729246957551,0.05732281175560911,5.966167235966917,0.08531226393634671,206.86666666666667,0.0,-0.01493894500773603,0.036530091843071676,0.09477177928588182,270.5183581561464,255.35454772845785,0.08461210961827334,2.9052101917078845,0.17555427179368044,15.16381042768856,0.0,0.23936967554822414,1.0,0.04730164203584768,0.2562217729576589,-0.01493894500773603
2010-01-01,0.18160184719379477,0.2596894815798253,0.05725377848036093,5.966167235966917,0.08320398008134687,213.51111111111112,0.0,-0.03052960117884122,0.04024638456565032,0.09238935849885903,272.7168835721675,254.72353166708513,0.08496394948183678,2.7150939319107796,0.1694967134596661,17.993351905082363,0.0,0.18160184719379477,1.0,0.044206233899188804,0.23899918888534438,-0.03052960117884122
2010-02-01,0.19709317224118328,0.25965527351577594,0.05371878619695339,5.966167235966917,0.08243463000830017,220.15555555555557,0.0,-0.029308188972311893,0.046875271394108846,0.0916411317512429,277.4667272165378,259.74574097593256,0.0779175875931572,1.6995498048828381,0.16495612656058697,17.720986240605214,0.0,0.19709317224118328,1.0,0.027671490593733278,0.15552982123953626,-0.029308188972311893
2010-03-01,0.239742094383333,0.25844600254565986,0.056346272758339436,5.966167235966917,0.06529494195799158,226.8,0.0,-0.020523920505451494,0.03903603068261872,0.09459083516507566,290.0987312358321,265.97357681171127,0.08209420773517305,3.4996179005658434,0.1609586363212258,24.125154424120808,0.0,0.239742094383333,1.0,0.056979585734378745,0.3129126754940303,-0.020523920505451494
2010-04-01,0.18277621847470504,0.2511725854696708,0.062224326101819945,5.966167235966917,0.07343856272993077,233.44444444444446,0.0,-0.0004588468723357888,0.02601863367420033,0.126742182707135,300.7137360470447,272.0093095383166,0.09062934347783648,5.317578514592258,0.167054482498631,28.70442650872809,0.0,0.18277621847470504,1.0,0.08657900075962857,0.45417457344228157,-0.0004588468723357888
2010-05-01,0.25698592676421395,0.2445468076529932,0.07270882934081921,5.966167235966917,0.07767012903495252,240.0888888888889,0.0,-0.02903840550001937,0.032567921195631504,0.14322275569482337,305.3458470719206,280.86492282744774,0.10631162377442155,31.24460379657601,0.2189231576112814,24.480924244472874,0.0,0.25698592676421395,1.0,0.5087139885973968,2.465755342770304,-0.02903840550001937
2010-06-01,0.28275007111463885,0.23846917013535715,0.09808685551389953,5.966167235966917,0.1252521316940706,246.73333333333335,0.0,-0.03403915435434906,0.060330163480537276,0.22250573851354588,316.65518079799415,290.01637814023786,0.14212069117709084,12.322153509666895,0.20375794114949425,26.638802657756287,0.0,0.28275007111463885,0.0,0.2006251031641821,0.8286161012874435,-0.03403915435434906
2010-07-01,0.2886582204132375,0.23398829151698083,0.12448615170745755,5.966167235966917,0.170377645078665,253.3777777777778,0.0,-0.035431469875737163,0.11184361986293825,0.3191698182368154,317.98401955740377,293.75822851679453,0.17606598997128767,47.52081063931358,0.20012035067278675,24.225791040609238,0.0,0.2886582204132375,0.0,0.7737176403035722,2.802654685512123,-0.035431469875737163
2010-08-01,0.21754015650488248,0.23674268001277055,0.13237635459292224,5.966167235966917,0.20820465722797202,260.02222222222224,0.0,-0.007517660515273444,0.1304058042870655,0.42316944357604785,310.886266209309,288.26757190919113,0.19158282488447737,22.548794301725508,0.23712428008604258,22.618694300117852,0.0,0.21754015650488248,0.0,0.367131782562405,1.2590994778511369,-0.007517660515273444
2010-09-01,0.1841153576012769,0.22889789094469087,0.10349704896968367,5.966167235966917,0.19010153347354666,266.6666666666667,0.0,-0.006149181980021271,0.08047438293190366,0.3326197748710472,301.2634485595336,280.3730913182196,0.15881578690769735,44.62592666314601,0.21606805687947778,20.89035724131395,0.0,0.1841153576012769,1.0,0.7265841261892315,2.807340830597619,-0.006149181980021271
2010-10-01,0.16426090380559896,0.23781555156152567,0.07788186433663205,5.966167235966917,0.1162678516327141,242.63945578231295,0.0,-0.018317721626987794,0.03819293224882093,0.16847274241545102,296.26186601299736,274.7185768292705,0.12096493224632941,7.699975218972213,0.25931491256843525,21.54328918372687,0.0,0.16426090380559896,1.0,0.12536837180741361,0.5673677290460473,-0.018317721626987794
2010-11-01,0.15027668159781413,0.24343081624258864,0.06597218931534501,5.966167235966917,0.09032110739018384,218.61224489795921,0.0,-0.021746170199188557,0.02700490755823049,0.10065462237722259,281.7747247600099,265.27359217598513,0.10089609082792311,2.6533857334212887,0.20013942095534545,16.501132584024788,0.0,0.15027668159781413,1.0,0.04320152204599549,0.21504411493501688,-0.021746170199188557
2010-12-01,0.17390284423435867,0.2555904407045476,0.059503252898834666,5.966167235966917,0.08991614532458657,194.58503401360545,0.0,-0.025163694200779522,0.021311756909058975,0.09999032937303926,273.5411762449011,258.18657934198774,0.08727352903402832,1.5913077208593631,0.17478265526452397,15.354596902913386,0.0,0.17390284423435867,1.0,0.02590912987838598,0.13834913034440757,-0.025163694200779522
2011-01-01,0.18420432848603896,0.2579484819294957,0.05909338995466332,5.966167235966917,0.08631969592467224,170.55782312925172,0.0,-0.028581218202370483,0.031135337891728433,0.09602277726620084,267.68749373655885,250.5481980520763,0.08605580119791928,3.0828043723044476,0.16811763328544765,17.139295684482562,0.0,0.18420432848603896,1.0,0.05019316994739267,0.2697748182224054,-0.028581218202370483
2011-02-01,0.20751621563524772,0.25239436440819596,0.055688167675460386,5.966167235966917,0.08294442004824375,146.53061224489798,0.0,-0.03199874220396145,0.04693894308380499,0.09223284436859305,280.82437962574386,258.98510774333533,0.082018872904717,1.618508288842483,0.16440429209193735,21.839271882408525,0.0,0.20751621563524772,1.0,0.02635200025436828,0.14477619729116215,-0.03199874220396145
2011-03-01,0.13743911216939755,0.24882443392670173,0.056111336319417594,5.966167235966917,0.06625572178761827,122.50340136054422,0.0,-0.03148830207082796,0.037793779170868555,0.0957935205582931,291.4255018586382,264.0490887844311,0.08334344520908929,2.3455774080582046,0.1605313065304846,27.376413074207107,0.0,0.13743911216939755,1.0,0.038189891815750755,0.20829701204860682,-0.03148830207082796
2011-04-01,0.21180074161154555,0.24717203492852002,0.06353869103590981,5.966167235966917,0.07263862549777364,98.47619047619048,0.0,-0.03654377544396896,0.022422982459552078,0.1197369183989659,301.72100886211297,275.3451541080557,0.09318043531957723,4.344489976204607,0.16543628880345387,26.375854754057286,0.0,0.21180074161154555,2.0,0.07073550487648216,0.36616288165758004,-0.03654377544396896
2011-05-01,0.20099829017582002,0.24911860923651116,0.07179488617971244,5.966167235966917,0.08309715513267,145.0,0.0,-0.034450374208941016,0.028086789322519082,0.15514528038938755,307.83974349564494,278.3005202255301,0.10527392267803735,8.481615056462253,0.18258573455330285,29.53922327011486,0.0,0.20099829017582002,3.0,0.13809476520209493,0.6727340881904916,-0.034450374208941016
2011-06-01,0.21710333703246537,0.24212225290191236,0.0925105158197835,5.966167235966917,0.11460443080960364,151.5,0.0,-0.03235697297391307,0.05973329722280432,0.2111668777174565,314.073121203927,289.7612700020897,0.13183952768443008,8.31894785602218,0.1748660665032859,24.31185120183727,0.0,0.21710333703246537,3.0,0.13544627329326459,0.5842242461674965,-0.03235697297391307
2011-07-01,0.29691591132970313,0.24095734839941604,0.1165085449880188,5.966167235966917,0.16690738620997012,158.0,0.0,-0.030263571738885126,0.10558346902495365,0.3262821690263398,316.20624437448066,290.932658072038,0.1624646684533531,21.962968143256916,0.205347447801338,25.273586302442652,0.0,0.29691591132970313,3.0,0.3575935607421012,1.3624445638695746,-0.030263571738885126
2011-08-01,0.34239468931682543,0.23790699285120978,0.13067365268605063,5.966167235966917,0.2006208441139532,164.5,0.0,-0.03254235221452268,0.13040499462014263,0.4087318462869054,309.4997834954341,289.3076303724475,0.1947279166666659,47.41985306188449,0.22551684137702951,20.19215312298661,0.0,0.34239468931682543,3.0,0.7720738834415084,2.6196157193847225,-0.03254235221452268
2011-09-01,0.2850510936729043,0.23774109590125436,0.10640709190903463,5.966167235966917,0.1761061838895056,171.0,0.0,-0.04407420420500914,0.08017119302606854,0.2975336454695437,302.6348386136687,280.4697563928548,0.161146060510758,10.884048022388852,0.22056272900456478,22.16508222081393,0.0,0.2850510936729043,2.0,0.17721035983057684,0.6785871457680924,-0.04407420420500914
2011-10-01,0.20688831226525609,0.23990472757284143,0.07927031280001914,5.966167235966917,0.10465138099391362,177.5,0.0,-0.04695358084804081,0.04158370676921698,0.13890766923293107,296.0924479151118,275.35498664625135,0.12624171177070018,8.913818068880381,0.2051527269771837,20.737461268860443,0.0,0.20688831226525609,2.0,0.1451317473242728,0.6414897862484629,-0.04695358084804081
2011-11-01,0.1892477686684706,0.2349678246895968,0.06734043451518036,5.966167235966917,0.08993526356614626,184.0,0.0,-0.04540328861294973,0.02962841987650565,0.10029468042531296,281.70393259561416,266.312186977066,0.10658943575171262,5.104019887422961,0.21518831020160833,15.391745618548157,0.0,0.1892477686684706,2.0,0.08310191198826822,0.40225634813264793,-0.04540328861294973
2011-12-01,0.17494929046652874,0.24034691894333385,0.06158404080491794,5.966167235966917,0.08732289067812397,190.5,0.0,-0.043852996377858645,0.03302069100004408,0.0968990739310307,272.8959870185054,256.0711093971411,0.09445899374800065,0.6110322378096673,0.19730017837776087,16.82487762136435,0.0,0.17494929046652874,2.0,0.009948618612082159,0.051160496207105596,-0.043852996377858645
2012-01-01,0.16092110611423194,0.24455411533754554,0.05542729003922972,5.966167235966917,0.08347846572360827,197.0,0.0,-0.046775227440153076,0.048844663096588165,0.09273833229733935,272.34523552992704,253.74225923604004,0.08269496447961235,1.8037024943954774,0.18593267634443617,18.602976293886996,0.0,0.16092110611423194,2.0,0.02936726918161626,0.1607448200078523,-0.046775227440153076
2012-02-01,0.15021194540540755,0.25415726219359663,0.05268999954666403,5.966167235966917,0.08241491571551901,203.5,0.0,-0.046294497953257116,0.05127530361043047,0.09160488210552845,279.99084173393294,256.12345845363575,0.0780998071662125,1.3089351824774886,0.1757484975515586,23.86738328029719,0.0,0.15021194540540755,2.0,0.021311636461415314,0.11966119896764475,-0.046294497953257116
2012-03-01,0.23381604733522773,0.24914945240562256,0.05598500390557616,5.966167235966917,0.06488900066538762,210.0,0.0,-0.03907184181464775,0.03662397119904872,0.09299483706108617,289.16863768935383,268.29253600068853,0.08271755333925854,3.329356138537408,0.16913343459349256,20.8761016886653,0.0,0.23381604733522773,2.0,0.054207441762541976,0.296673421747789,-0.03907184181464775
2012-04-01,0.21174134684101767,0.24791883800741543,0.062283389994982646,5.966167235966917,0.06998374037144121,216.5,0.0,-0.05078416229575468,0.02341054389199275,0.1179607871282131,302.0327524525772,275.596651685768,0.0930417394589192,4.079973746107239,0.16479026263899937,26.436100766809204,0.0,0.21174134684101767,1.0,0.06642874178427981,0.34411595114338656,-0.05078416229575468
2012-05-01,0.2872566593152277,0.2443435883671864,0.07659715279952393,5.966167235966917,0.0982421638524533,223.0,0.0,-0.062496482776861616,0.03723558551452651,0.18197666804123366,311.1989440090745,283.4405461077466,0.11675934468055864,19.130070472162995,0.19270861273814266,27.758397901327896,0.0,0.2872566593152277,0.0,0.3114692865175583,1.4369359114670468,-0.062496482776861616
2012-06-01,0.1992429952081026,0.23752242847692945,0.10205272788907042,5.966167235966917,0.12678925858932083,229.5,0.0,-0.025555895843210424,0.06619102237895078,0.23017661362621777,311.4627641294253,287.7033451272425,0.15216370158292436,59.40486372526927,0.23467084970739735,23.759419002182767,0.0,0.1992429952081026,0.0,0.9672097417051664,3.835642226195265,-0.025555895843210424
2012-07-01,0.24875863077104066,0.22727380554451002,0.1495930950902322,5.966167235966917,0.206411347923207,236.0,0.0,0.0021791758007890217,0.13721961572476915,0.410428159405993,311.2738408665101,292.0537185668907,0.22456984358564233,74.5032229920701,0.26107849521685156,19.22012229961939,0.0,0.24875863077104066,0.0,1.0,3.0810009610031313,0.0021791758007890217
2012-08-01,0.24010802313596244,0.21798683649180586,0.1578757710324964,5.966167235966917,0.2872232244262588,242.5,0.0,-0.008792840239472563,0.1417689894412949,0.620704954239888,309.2659955698212,289.62887508055275,0.2366879791130784,40.756140842242345,0.22388483769151274,19.637120489268455,0.0,0.24010802313596244,0.0,0.663577592555885,1.9708977858488348,-0.008792840239472563
2012-09-01,0.17670321578639625,0.2173577614757085,0.11720063963711476,5.966167235966917,0.2296255926553507,249.0,0.0,-0.01404527811904678,0.08847091410791683,0.40559195387617875,299.33712933909044,281.69088642202087,0.18713378275659154,40.13329845938689,0.27494652464131064,17.64624291706957,0.0,0.17670321578639625,1.0,0.6534366851879181,2.275722065563592,-0.01404527811904678
2012-10-01,0.14274646753397277,0.22282932223733104,0.07630629353090466,5.966167235966917,0.11493641309350165,249.0,0.0,-0.019297715998621,0.0382548937793194,0.16113441928189198,290.8254240890743,271.5753546513364,0.12117857527464067,10.327877999501027,0.24407769960787018,19.25006943773792,0.0,0.14274646753397277,1.0,0.16815498910084536,0.7602679820685383,-0.019297715998621
2012-11-01,0.2344712363236016,0.24493712659865585,0.06586767013887634,5.966167235966917,0.08971938557256008,249.0,0.0,-0.02455015387819522,0.029742685805158625,0.1000388446986515,275.087149567254,264.44811387297364,0.1022459970504034,6.5224244476298985,0.21005107423564584,10.63903569428038,0.0,0.2344712363236016,1.0,0.10619589154280114,0.5250827857736793,-0.02455015387819522
2012-12-01,0.25806270052502717,0.23794469751879282,0.06323215651817826,5.966167235966917,0.08696385699474231,249.0,0.0,-0.017678127020609575,0.029077522796920167,0.09644617637196179,270.38056832887656,256.45906956591995,0.09739615151173907,3.12633170017677,0.18618822248520625,13.921498762956617,0.0,0.25806270052502717,1.0,0.05090186706255155,0.2578665626088685,-0.017678127020609575
2013-01-01,0.183156734597557,0.24295810234433435,0.05909335993714095,5.966167235966917,0.08505188078489007,249.0,0.0,-0.021501459805091792,0.03984532849208799,0.09422205381409915,273.3625550611673,257.55672628590185,0.09102998501877231,3.209218336110708,0.17823779850772786,15.805828775265468,0.0,0.183156734597557,1.0,0.052251399015073696,0.2735245935863891,-0.021501459805091792
2013-02-01,0.1825512894416802,0.24180979123089527,0.05501293168758308,5.966167235966917,0.08293499676226604,249.0,0.0,-0.02942531327978009,0.05104163920088663,0.09218001071270272,282.11525439725506,260.55142320235086,0.08363197187696125,1.3168931188882629,0.1710596539688529,21.563831194904196,0.0,0.1825512894416802,1.0,0.021441204869415836,0.11676182883763872,-0.02942531327978009
2013-03-01,0.20028930400717837,0.24180754150114767,0.06258426236753166,5.966167235966917,0.07205462302598567,249.0,0.0,-0.037349166754468394,0.035000853501182184,0.1089764705739244,292.33781728103264,269.64908604520093,0.09452051436530878,3.1998467949107705,0.16375747114031522,22.68873123583171,0.0,0.20028930400717837,1.0,0.05209881477575466,0.2678319813503746,-0.037349166754468394
2013-04-01,0.20738738733597548,0.2428876997209784,0.06634562460730328,5.966167235966917,0.0833629291011263,249.0,0.0,-0.04527302022915669,0.028220747091646764,0.15026487786423884,300.1059175983269,273.27438529735593,0.09907109411796501,3.3671889011233356,0.17130329665409266,26.83153230097099,0.0,0.20738738733597548,1.0,0.054823421906827076,0.2753961952624822,-0.04527302022915669
2013-05-01,0.19746218764431453,0.23689088707605904,0.08516331902754619,5.966167235966917,0.10408894584489428,249.0,0.0,-0.04507719966430901,0.04239591081606966,0.19030727454159801,309.7859771853705,283.1645663411783,0.12544252354781085,15.51107440374683,0.1743443609301276,26.621410844192212,0.0,0.19746218764431453,1.0,0.25254602614694555,1.1202235593028513,-0.04507719966430901
2013-06-01,0.27962572017671483,0.22953098204138378,0.10500917196939517,5.966167235966917,0.12298000268425759,249.0,0.0,-0.005301767010582666,0.06800614741650163,0.2234918383557748,312.9043461755251,287.87533120984443,0.1558390269142024,39.34398576608535,0.23566221965734324,25.029014965680688,0.0,0.27962572017671483,1.0,0.6405853649703775,2.5038610125155096,-0.005301767010582666
2013-07-01,0.17324924451671025,0.2150038767685037,0.14027834191783076,5.966167235966917,0.18385765972449492,249.0,0.0,-0.013082986327656199,0.11103044381355447,0.36400008758303726,314.56837837553076,291.74938466522565,0.2053658760067973,40.730138786585464,0.23943074148104368,22.818993710305108,0.0,0.17324924451671025,1.0,0.6631542359490589,2.171671061026797,-0.013082986327656199
2013-08-01,0.21479061567717825,0.2216178759513232,0.15014630239102125,5.966167235966917,0.24838999671969006,249.0,0.0,-0.02086420564472973,0.12603621291360653,0.5139243647492873,309.80611204857615,290.95934405964505,0.22648344395779615,37.27035979230353,0.23690791807653253,18.846767988931106,0.0,0.21479061567717825,1.0,0.6068232937068171,1.8586648264628691,-0.02086420564472973
2013-09-01,0.16386948356725095,0.22107248253046052,0.11003002514214837,5.966167235966917,0.21261521933671215,249.0,0.0,-0.028645424961803265,0.07573441511698327,0.3656843377607374,303.6991429808094,283.29676760262873,0.18229863191618512,35.871136711861155,0.22202478844504975,20.402375378180693,0.0,0.16386948356725095,0.0,0.5840416204673765,2.068878678238793,-0.028645424961803265
2013-10-01,0.1984439660546125,0.23037303753575566,0.08508614989321187,5.966167235966917,0.13025212966668556,249.0,0.0,-0.050224960698117375,0.04197976094177874,0.18820503837637267,294.13089542987484,270.1467046881229,0.13324031367286718,6.589211955045257,0.22144697499947402,23.984190741751945,0.0,0.1984439660546125,0.0,0.10728330297252994,0.4599689534074323,-0.050224960698117375
2013-11-01,0.14688245716001497,0.22641293726601683,0.07111087493050855,5.966167235966917,0.09099067767780085,249.0,0.0,-0.033855304356149495,0.036548744990549914,0.10212465904450965,281.7392248241012,264.6101535461621,0.11436913673414695,2.46807182447749,0.19197369974807743,17.12907127793909,0.0,0.14688245716001497,0.0,0.040184304148941995,0.1874537760478886,-0.033855304356149495
2013-12-01,0.16104748866720728,0.23229024867913328,0.06723819472421667,5.966167235966917,0.08954440196396866,249.0,0.0,-0.04776955940662531,0.03661793531993856,0.09978163035011722,273.6227816885955,257.65634101481254,0.10536142767814705,1.1093500346271854,0.17749556677647332,15.966440673782984,0.0,0.16104748866720728,0.0,0.018062059117155457,0.08795253968268686,-0.04776955940662531
2014-01-01,0.17673075493321522,0.23817955843447014,0.060927624263030625,5.966167235966917,0.08537108446045821,249.0,0.0,-0.046090546084094394,0.04478167895910345,0.09481433409927932,274.3398691139467,256.6013995421299,0.09454912138463986,2.7916395635640896,0.16943967756290515,17.73846957181678,0.0,0.17673075493321522,0.0,0.04545252378148617,0.23363006452042892,-0.046090546084094394
2014-02-01,0.2853745607453964,0.24536768850935028,0.06034301646191673,5.966167235966917,0.08321860361012419,249.0,0.0,-0.04441153276156347,0.04525928277933086,0.09415338628052261,281.52255141763976,259.78237350967737,0.09150114508611391,1.5664566311015233,0.16489563852757336,21.74017790796239,0.0,0.2853745607453964,0.0,0.02550451290599576,0.13318203864800354,-0.04441153276156347
2014-03-01,0.18531684073657212,0.24000376725402642,0.06303437550578937,5.966167235966917,0.07334464614223069,249.0,0.0,-0.0636326787510974,0.036650671892703435,0.11060622463994661,297.63427413903,271.6174250179543,0.09468602003915513,2.291437218851915,0.16321217722583717,26.016849121075722,0.0,0.18531684073657212,0.0,0.037308399709982155,0.1916336863965821,-0.0636326787510974
2014-04-01,0.215715195969117,0.23163239552582643,0.07066870851424434,5.966167235966917,0.08229938720257746,249.0,0.0,-0.03493045172384922,0.03116832391047805,0.1534523732772801,303.6870238084786,278.07840330955224,0.10791696354586713,11.224230788330608,0.1829260099292467,25.60862049892637,0.0,0.215715195969117,0.0,0.18274909966677505,0.8789523305368011,-0.03493045172384922
2014-05-01,0.21706242197143838,0.23288832909935864,0.08134256890395752,5.966167235966917,0.1013890649334955,249.0,0.0,-0.05615334969060675,0.037700694432199526,0.18686451106972526,307.6050427829178,281.8646191503823,0.1212726052949598,17.70298045592937,0.2149128679680543,25.74042363253551,0.0,0.21706242197143838,0.0,0.28823389332862986,1.30261897058793,-0.05615334969060675
2014-06-01,0.16960324835865653,0.22854724769007914,0.10364264515726034,5.966167235966917,0.1310818755420717,249.0,0.0,-0.05354225626326578,0.06700621373652982,0.23744499197358265,312.67363436189055,287.8882963742069,0.15758201152144988,25.231720341728845,0.21221351603850136,24.785337987683647,0.0,0.16960324835865653,0.0,0.4108142698106986,1.594887264775042,-0.05354225626326578
2014-07-01,0.26966004217712625,0.22193822536847768,0.13576605461341737,5.966167235966917,0.1805437284666363,249.0,0.0,-0.05093116283592482,0.11138719258145112,0.3527298132251203,316.3827868070933,293.2379639615595,0.19913870680279874,54.28544895694023,0.2259913749219319,23.14482284553378,0.0,0.26966004217712625,0.0,0.883857175513673,2.9546733853347114,-0.05093116283592482
2014-08-01,0.21807356589868707,0.21032817475431695,0.15039330624645836,5.966167235966917,0.2386668422382162,249.0,0.0,-0.04734074511570486,0.1332568184543662,0.4905233126986082,309.6300102282164,288.30186668024584,0.22718151454096644,54.31321281053745,0.20447215158335447,21.32814354797057,0.0,0.21807356589868707,0.0,0.8843092171140158,2.7028092291665557,-0.04734074511570486
2014-09-01,0.176247006161513,0.21269155467455156,0.11628124819674877,5.966167235966917,0.21124350476496262,249.0,0.0,-0.047737540887722724,0.08286573049555122,0.3624336893016116,301.4577425140867,283.7370758011813,0.18322405841974632,43.352004015589884,0.27089756646232616,17.720666712905427,0.0,0.176247006161513,0.0,0.7058425518866043,2.492170177296609,-0.047737540887722724
2014-10-01,0.16891413126884317,0.2194555337137446,0.08459849861809392,5.966167235966917,0.11901897673007916,249.0,0.0,-0.04771371238104789,0.045072824960462145,0.18206445381637007,295.79181858567875,277.9666199826862,0.13660892783435233,16.03252525663763,0.2515220840882088,17.825198602992543,0.0,0.16891413126884317,0.0,0.2610361111855871,1.1032386375899392,-0.04771371238104789
2014-11-01,0.15543549375508117,0.21653242520770513,0.06801523110366421,5.966167235966917,0.08972859192833128,249.0,0.0,-0.05717974332735664,0.03758525892414584,0.1003380867404554,283.04068900427205,265.8402166977172,0.11316664970452117,2.6566351251109253,0.23533192654140708,17.200472306554843,0.0,0.15543549375508117,0.0,0.04325442753385869,0.2029136715045031,-0.05717974332735664
2014-12-01,0.1428045438975549,0.22960687788558404,0.05856829713006264,5.966167235966917,0.08413010581733835,249.0,0.0,-0.06664577427366539,0.04387869660365832,0.09350358907985486,272.6725687309812,257.5039485046476,0.09336908580525378,2.7160097454734906,0.19643780153258936,15.168620226333587,0.0,0.1428045438975549,0.0,0.04422114486344143,0.2286877691916975,-0.06664577427366539
2015-01-01,0.18507578474158148,0.23320302253658137,0.05253504625783991,5.966167235966917,0.0814271594996576,249.0,0.0,-0.07611180521997413,0.05343763723048269,0.0904269308106173,275.4072181533724,258.55300807737905,0.08425549594782356,3.8493178629550853,0.18136948873038322,16.854210075993365,0.0,0.18507578474158148,0.0,0.06267328131898674,0.3401433482165124,-0.07611180521997413
2015-02-01,0.1846259154848919,0.23902581519257032,0.053176173014401036,5.966167235966917,0.08168062926789911,249.0,0.0,-0.05584137096382969,0.04767719433976577,0.09090316357226857,282.2152650381123,261.2165516629153,0.08286860032787086,1.7094848986224769,0.1731143721146241,20.998713375196985,0.0,0.1846259154848919,0.0,0.0278332504034043,0.1522035513669443,-0.05584137096382969
2015-03-01,0.22228090462627242,0.24066136012582198,0.05603041049896347,5.966167235966917,0.06582129776164503,249.0,0.0,-0.07006263077251496,0.03817863416836615,0.09461370406908341,290.97134897445665,268.6937059067292,0.08533399550512612,2.3553612263621324,0.16479653861069474,22.277643067727467,0.0,0.22228090462627242,0.0,0.03834918861034313,0.2069193431341226,-0.07006263077251496
2015-04-01,0.21156024287843953,0.2282326475630597,0.06711622521573647,5.966167235966917,0.07695987926516197,249.0,0.0,-0.07710594342690792,0.03220154362007516,0.13483444981431178,301.34200673218595,275.10701699552067,0.10218705529447113,11.310099411344309,0.19952527073424428,26.234989736665284,0.0,0.21156024287843953,0.0,0.18414718331645324,0.9107763256567337,-0.07710594342690792
2015-05-01,0.21206923229552785,0.23102300430756814,0.08709484554060525,5.966167235966917,0.10506585149566255,249.0,0.0,-0.06440914785040937,0.04338085374301544,0.1902581307266025,309.7910664737503,281.84840384510704,0.1288289270518033,8.7017126213178,0.19241421766759487,27.942662628643234,0.0,0.21206923229552785,0.0,0.1416783187279204,0.6191451428509588,-0.06440914785040937
2015-06-01,0.17456939866866378,0.22611088648670358,0.11016310243957748,5.966167235966917,0.1382916908432332,249.0,0.0,-0.05171235227391081,0.07217572602752013,0.2534336807865933,312.9930773762389,287.7560175714615,0.16175189121736197,11.187019057024381,0.18184859967182077,25.237059804777402,0.0,0.17456939866866378,0.0,0.1821432309420937,0.6958621391233415,-0.05171235227391081
2015-07-01,0.25635045688960373,0.2254721029462459,0.1357748689454759,5.966167235966917,0.1883435574364285,249.0,0.0,-0.06411335722922612,0.11757928897401974,0.3783956571789103,316.1627996867444,291.7616985599727,0.19471275457717602,36.03951990851732,0.22660011203563407,24.40110112677172,0.0,0.25635045688960373,0.0,0.5867831782781728,1.9910342160794152,-0.06411335722922612
2015-08-01,0.1885904494796341,0.22909182601975894,0.13603610393231663,5.966167235966917,0.21868964018374518,249.0,0.0,-0.07641990037008148,0.11999038833600482,0.4479170848148439,314.4413912305989,288.4393301527824,0.19975246473986444,19.389571394473194,0.2062755327191861,26.002061077816506,0.0,0.1885904494796341,0.0,0.31569439207794925,1.0531836405479427,-0.07641990037008148
2015-09-01,0.15804090935429668,0.21248278764483056,0.1077582671774989,5.966167235966917,0.197111460767462,249.0,0.0,-0.07799584762964776,0.08248412922970585,0.34217561128702134,300.3733173574151,282.14348663659354,0.17261500508145514,51.367712996868484,0.22941318709611033,18.229830720821553,0.0,0.15804090935429668,0.0,0.8363515931870119,3.0678853973467706,-0.07799584762964776
2015-10-01,0.1500099709746919,0.2190820674661944,0.0780669775208437,5.966167235966917,0.11827817832149558,249.0,0.0,-0.07957179488921404,0.040723677151926485,0.17763907760465278,295.29162746289336,275.2647164457431,0.12630405121038707,10.34699862805051,0.23100963035012634,20.02691101715027,0.0,0.1500099709746919,0.0,0.16846630465719636,0.7444246082036731,-0.07957179488921404
2015-11-01,0.20938718013776936,0.22078651786773254,0.061702724051665804,5.966167235966917,0.08806540222712327,249.0,0.0,-0.08114774214878033,0.034731137093173034,0.09839944027951963,278.64535711839983,269.1975522517002,0.09894325085192035,9.191988813100943,0.255005112748026,9.447804866699641,0.0,0.20938718013776936,0.0,0.149660828560984,0.7522789937336513,-0.08114774214878033
2015-12-01,0.1864172721345951,0.23825337676589245,0.05816777626676113,5.966167235966917,0.08560204214447069,249.0,0.0,-0.08272368940834661,0.03877726665745509,0.09556223646527828,274.1621110687741,260.46268193495047,0.0930695785533477,0.7634776041222799,0.21842767335477795,13.699429133823628,0.0,0.1864172721345951,0.0,0.01243068210198882,0.06438446799920919,-0.08272368940834661
2016-01-01,0.1334529909265182,0.23339163092403128,0.05633786605983586,5.966167235966917,0.08520758801588339,249.0,0.0,-0.060037289931387,0.04403385023765222,0.09478252442694929,272.6325863955062,253.50684658623229,0.08844127157491838,0.7121691852405588,0.19510969264502645,19.125739809273938,0.0,0.1334529909265182,0.0,0.01159529591537292,0.06153267709596722,-0.060037289931387
2016-02-01,0.17739359336290306,0.24088943356258796,0.05330227340399106,5.966167235966917,0.08317854248040842,249.0,0.0,-0.06356010373104164,0.03828845198027025,0.09255564462534106,283.8259475893894,260.14231164717313,0.08310447433819873,1.677557745537151,0.1812591510576732,23.683635942216256,0.0,0.17739359336290306,0.0,0.027313423379949592,0.14916851965889696,-0.06356010373104164
2016-03-01,0.21165182881565148,0.23696772863455992,0.05503004746349369,5.966167235966917,0.06596866635769298,249.0,0.0,-0.07144626240503912,0.03784065417588293,0.09478276771316214,292.06634650739335,269.25418776547264,0.08481428584829609,3.1651293760173664,0.17028415139547545,22.81215874192071,0.0,0.21165182881565148,0.0,0.051533557595537016,0.27883968687268085,-0.07144626240503912
2016-04-01,0.18440559751221686,0.2365715804654308,0.06650851549827737,5.966167235966917,0.07907257876492499,249.0,0.0,-0.07933242107903661,0.027636796275641723,0.14434460924382161,304.8817968035287,276.6711727242875,0.10043724490065206,3.5632430083385054,0.17181517839067123,28.2106240792412,0.0,0.18440559751221686,0.0,0.058015508051099465,0.2894447490527781,-0.07933242107903661
2016-05-01,0.20139671037729395,0.23484037473302968,0.07911121948328469,5.966167235966917,0.10408551753667825,249.0,0.0,-0.0872185797530341,0.035562141408927946,0.19031883063670824,311.0971398394742,283.3734207545877,0.1182919037846197,24.845604829438315,0.21391456254551267,27.72371908488651,0.0,0.20139671037729395,0.0,0.40452766865564826,1.8531501244076385,-0.0872185797530341
2016-06-01,0.15502575886342995,0.22111037278024123,0.10374938226577911,5.966167235966917,0.13009101742699666,249.0,0.0,-0.061083014501041276,0.062065973601568424,0.2367546065230713,313.3879469203849,287.7998763044268,0.15145663547601465,31.40576416745435,0.2414906137414895,25.588070615958088,0.0,0.15502575886342995,0.0,0.5113379468209395,2.033503493964126,-0.061083014501041276
2016-07-01,0.22838474994863947,0.22140658668004756,0.13825447712994585,5.966167235966917,0.19588793588272885,249.0,0.0,-0.057175856211245976,0.11775570520796497,0.3954531428726671,313.8797139611204,292.23919222550205,0.20685463106595728,80.82013978193642,0.2656338736540418,21.640521735618336,0.0,0.22838474994863947,0.0,1.0,3.258872113241966,-0.057175856211245976
2016-08-01,0.30712717097188247,0.2196455814646954,0.14829201262319192,5.966167235966917,0.23282347841706585,249.0,0.0,-0.05326869792145067,0.1315194082075613,0.48243510036164405,310.00507141314444,290.098323994781,0.22769112130411254,91.5068225777889,0.25378935481229675,19.90674741836341,0.0,0.30712717097188247,0.0,1.0,3.0516542407993827,-0.05326869792145067
2016-09-01,0.16024592583357775,0.2164835093848177,0.12734433258288916,5.966167235966917,0.23755601158204498,249.0,0.0,-0.04783440135247132,0.09063059368145879,0.4133862156464676,305.4697350145655,283.51126066939054,0.19327121168694592,25.557576415850075,0.2539846369778183,21.958474345174977,0.0,0.16024592583357775,0.0,0.41611974733424667,1.4188905380131076,-0.04783440135247132
2016-10-01,0.1703987740187497,0.22328441349499709,0.08512075829319211,5.966167235966917,0.12854499031112668,249.0,0.0,-0.04240010478349198,0.041483136985394596,0.17645275320924927,292.7288038517795,274.3733500438102,0.1345718394012171,18.254922576114662,0.24401476727842344,18.355453807969297,0.0,0.1703987740187497,0.0,0.29722042678773336,1.2670763359593247,-0.04240010478349198
2016-11-01,0.1519234551881202,0.22832133427776613,0.06787664742576825,5.966167235966917,0.09161803172533331,249.0,0.0,-0.03696580821451263,0.038679516678762994,0.10335365989641693,285.3442208118303,267.8742106362917,0.10836284179605464,2.6717133666769306,0.2144509999358767,17.47001017553862,0.0,0.1519234551881202,0.0,0.043499926323282236,0.20877007602852685,-0.03696580821451263
2016-12-01,0.16566409114765882,0.2322592659116915,0.06577956972368344,5.966167235966917,0.08673578833450732,249.0,0.0,-0.06788668162731083,0.046196649124112164,0.09659085057320248,277.1559208467736,260.4213844719313,0.10416510129651192,3.1260268681282457,0.18726823592489306,16.73453637484232,0.0,0.16566409114765882,0.0,0.050896903891046265,0.24929286919182114,-0.06788668162731083
2017-01-01,0.1741001224322618,0.2362920771442957,0.06422928560099275,5.966167235966917,0.08618157017732736,249.0,0.0,-0.047704550497895556,0.04621003274053856,0.09582652638783618,276.1547936446341,256.5191065603144,0.10157966631980546,2.4696725590298585,0.1787107350244115,19.63568708431967,0.0,0.1741001224322618,0.0,0.04021036676327767,0.19947630382264875,-0.047704550497895556
2017-02-01,0.2335556501204543,0.2511026717795828,0.06310896258343293,5.966167235966917,0.08390934182564412,249.0,0.0,-0.055912733142127684,0.037346624227857214,0.09383435696007371,280.2189582759002,261.9750755847234,0.09706161789188193,4.7830795971144795,0.17379162366962655,18.243882691176793,0.0,0.2335556501204543,0.0,0.07787647158110499,0.39518843098016176,-0.055912733142127684
2017-03-01,0.1546285293159453,0.22759635888553723,0.06424498401704351,5.966167235966917,0.07415199549433922,249.0,0.0,-0.06412091578635981,0.03583541131632253,0.11124801366944143,289.9703212362355,269.3319534927825,0.1008098866044721,7.924588105088223,0.18025563785302445,20.638367743453045,0.0,0.1546285293159453,0.0,0.1290254422548542,0.6425253479127295,-0.06412091578635981
2017-04-01,0.16918178789225005,0.23362340038492657,0.07150442529749197,5.966167235966917,0.08543256896860028,249.0,0.0,-0.06777711006849566,0.02874622871198929,0.15690176629845284,302.9906908655445,275.6422923320861,0.10946094051573853,6.138526732345481,0.19555412662643332,27.348398533458408,0.0,0.16918178789225005,0.0,0.09994539980261892,0.47715530903533393,-0.06777711006849566
2017-05-01,0.1664689527535412,0.2322752830003611,0.08897687264257945,5.966167235966917,0.11297991956146822,249.0,0.0,-0.07688610107132035,0.04127609163998051,0.20106810756980997,313.51744545682817,284.20747043474756,0.13177365621514653,11.495055842639589,0.19426273178764666,29.309975022080607,0.0,0.1664689527535412,0.0,0.18715858088428777,0.8075058397083562,-0.07688610107132035
2017-06-01,0.22368398937319023,0.22544180734951969,0.1132258981506561,5.966167235966917,0.1443566458292017,249.0,0.0,-0.07688610107132035,0.07517272170908679,0.26839237686980677,316.3826018300168,288.95425022344057,0.17181660274156885,34.185385979611404,0.21892815695416468,27.428351606576257,0.0,0.22368398937319023,0.0,0.5565948016705342,2.047685079044711,-0.07688610107132035
2017-07-01,0.24796652563726637,0.2211303246466497,0.13882736031186504,5.966167235966917,0.19605088087855507,249.0,0.0,-0.07688610107132035,0.10969227557047796,0.3916916947358132,316.36094651828046,293.36183086831875,0.20148085956329545,54.35413991987476,0.24140929848930712,22.99911564996171,0.0,0.24796652563726637,0.0,0.8849755783573299,2.935428735473439,-0.07688610107132035
2017-08-01,0.1642937429653575,0.21748459782237597,0.15549945988251523,5.966167235966917,0.24330506550278436,249.0,0.0,-0.07688610107132035,0.1217704260186423,0.513127602402207,311.97877338661937,288.66064333287073,0.22733626739119434,33.37345674160574,0.23287597924315004,23.318130053748632,0.0,0.1642937429653575,0.0,0.5433752465814737,1.6599909655965333,-0.07688610107132035
2017-09-01,0.1689294340855096,0.22131495538934234,0.11668215915708116,5.966167235966917,0.20846623045448665,249.0,0.0,-0.07688610107132035,0.07394455935924635,0.35340130344643395,305.35422010946405,282.54013041195583,0.18367895765883407,11.27908567939471,0.210488410786974,22.814089697508223,0.0,0.1689294340855096,0.0,0.1836422283045705,0.6473593593974899,-0.07688610107132035
2017-10-01,0.21745405423676462,0.2178291511484497,0.0860211858180031,5.966167235966917,0.1216895822005321,249.0,0.0,-0.07688610107132035,0.04336572877471176,0.17975331588971194,291.1298039079688,274.7435761181238,0.13716621563057121,19.18625602149872,0.24401901289391298,16.386227789844952,0.0,0.21745405423676462,0.0,0.31238408047974786,1.3171525280242355,-0.07688610107132035
2017-11-01,0.1512355543781157,0.226212932195185,0.06979530912990055,5.966167235966917,0.09090965525938181,249.0,0.0,-0.07688610107132035,0.03392359369438199,0.10213564747178999,280.81434515709293,263.33525616195175,0.11056996300139024,1.4166578817771132,0.20830400080157246,17.479088995141183,0.0,0.1512355543781157,0.0,0.02306554073173272,0.10953860846516097,-0.07688610107132035
2017-12-01,0.15323467450106612,0.23038464446624016,0.06225893289704405,5.966167235966917,0.08530418886146526,249.0,0.0,-0.07688610107132035,0.04088171275525875,0.0950204380692643,275.29440657029045,258.56555451279115,0.0980057611797685,1.1925572560268354,0.18094706302686234,16.728852057499296,0.0,0.15323467450106612,0.0,0.019416810732951633,0.09806184737889116,-0.07688610107132035
2018-01-01,0.19751548486840884,0.24055650183043054,0.06054682203044986,5.966167235966917,0.08408606493065746,249.0,0.0,-0.07688610107132035,0.044966655953780306,0.09351743612013622,272.4994804943959,255.29163944045587,0.09135218848426413,8.100287139299267,0.17320200807897743,17.207841053940058,0.0,0.19751548486840884,0.0,0.131886114038953,0.6892323264429174,-0.07688610107132035
2018-02-01,0.14920037820741278,0.2426405342618437,0.05745008274938256,5.966167235966917,0.08303431430389133,249.0,0.0,-0.07688610107132035,0.05198195353791007,0.09231823782930292,281.2449548641535,259.3534897659467,0.08902864911727748,1.0613088617641118,0.16750719809597692,21.891465098206822,0.0,0.14920037820741278,0.0,0.01727986911650167,0.09141402214529323,-0.07688610107132035
2018-03-01,0.20297266256718582,0.23542677879658858,0.06135703479596334,5.966167235966917,0.06888397721056934,249.0,0.0,-0.07688610107132035,0.033647460205935384,0.10008916439700902,294.320647564631,273.51682620635887,0.09416253897561329,3.669388786159808,0.1656543006221288,20.803821358272103,0.0,0.20297266256718582,0.0,0.059743737423435604,0.3076996095057213,-0.07688610107132035
2018-04-01,0.21086965959793022,0.2349727457390499,0.06830335777461109,5.966167235966917,0.08144149108497949,249.0,0.0,-0.07688610107132035,0.029542899708089484,0.15013480083576916,305.1288259412151,279.3066797541014,0.10424283835658701,7.942758342328019,0.18588735411454416,25.822146187113674,0.0,0.21086965959793022,0.0,0.12932128386386288,0.6331741416464317,-0.07688610107132035
2018-05-01,0.19745848550601822,0.2272693026962539,0.08954207166864826,5.966167235966917,0.11061915327477412,249.0,0.0,-0.07688610107132035,0.044874380490511796,0.19959375257224488,311.43125072212104,284.38408671244935,0.1318525017104945,12.109973534780377,0.19473267179562143,27.04716400967169,0.0,0.19745848550601822,0.0,0.19717046113934564,0.8504133433312916,-0.07688610107132035
2018-06-01,0.17034500427210456,0.2282098395239054,0.10997741514607148,5.966167235966917,0.135022424906669,249.0,0.0,-0.07688610107132035,0.07520127955781733,0.24631094978532064,316.2995940319893,289.6786332820019,0.1635607920774864,15.950606122313587,0.19599886497518818,26.620960749987375,0.0,0.17034500427210456,0.0,0.2597023317644828,0.9853602643906564,-0.07688610107132035
2018-07-01,0.19522881927461158,0.20672566535542386,0.14860069190938624,5.966167235966917,0.21382332393032116,249.0,0.0,-0.07688610107132035,0.12806568523089668,0.4443351008076696,312.3118275145171,292.9570929916085,0.220451579648607,95.01592393388572,0.23447122053137606,19.354734522908643,0.0,0.19522881927461158,0.0,1.0,3.120596256996316,-0.07688610107132035
2018-08-01,0.20090215739082884,0.20764623041493996,0.16360502483427594,5.966167235966917,0.28167729421939675,249.0,0.0,-0.07688610107132035,0.14223235632631007,0.6029294498366119,310.15780199577557,290.51797483946535,0.2510893902128309,88.09855381243675,0.29423591909134617,19.63982715631022,0.0,0.20090215739082884,0.0,1.0,2.848277469717323,-0.07688610107132035
2018-09-01,0.12513159003954227,0.21429543674285353,0.12574355429235107,5.966167235966917,0.24479071100801109,249.0,0.0,-0.07688610107132035,0.09709706017518142,0.42881232536611585,299.80050195521375,279.43196077983794,0.19934761760178588,33.128027510019564,0.24725844158629742,20.36854117537581,0.0,0.12513159003954227,0.0,0.5393792514928024,1.8018491538834434,-0.07688610107132035
2018-10-01,0.1407108149665037,0.22164346242553773,0.08240567401315133,5.966167235966917,0.13362722307845443,249.0,0.0,-0.07688610107132035,0.04855095156068429,0.19335767817369903,290.74931819498755,272.94226572994324,0.1336832076677366,9.428045800381968,0.20257147191839966,17.807052465044308,0.0,0.1407108149665037,0.0,0.15350422796261684,0.6568902810546723,-0.07688610107132035
2018-11-01,0.15263500113717884,0.22284077943025712,0.07079359297427208,5.966167235966917,0.09178446990569843,249.0,0.0,-0.07688610107132035,0.03871311449905118,0.10359966280530908,282.5988509630327,266.64226571238424,0.11472579025565101,3.478337652440319,0.2055467506988704,15.956585250648459,0.0,0.15263500113717884,0.0,0.05663310798824505,0.2637461849404213,-0.07688610107132035
2018-12-01,0.14729004550015923,0.23237990199860117,0.06598244148672239,5.966167235966917,0.08983743209780444,249.0,0.0,-0.07688610107132035,0.03540835520430596,0.10027758956886029,271.6900228795987,255.07814654180933,0.10388964460278917,2.6086765808348633,0.18374666993589897,16.61187633778937,0.0,0.14729004550015923,0.0,0.04247358286369283,0.2083165280239632,-0.07688610107132035
2019-01-01,0.19487709282078772,0.23469767259193708,0.06379636337167341,5.966167235966917,0.08873642614986199,249.0,0.0,-0.07688610107132035,0.03556522373963406,0.09866650771967418,273.33665283589374,255.62183531956802,0.10018784464567455,1.7586062987408144,0.17578866712267444,17.714817516325724,0.0,0.19487709282078772,0.0,0.028633028296008802,0.1430308036269048,-0.07688610107132035
2019-02-01,0.2562732367627516,0.2432052538328931,0.0630970239131961,5.966167235966917,0.08782291683139182,249.0,0.0,-0.07688610107132035,0.03719715631610573,0.09776955200060322,280.1027490197594,258.7183258587699,0.0972789736586004,2.2004516390560083,0.16862382924940392,21.384423160989513,0.0,0.2562732367627516,0.0,0.035827003514204675,0.18160578823876494,-0.07688610107132035
2019-03-01,0.14414687755371033,0.23241784703421806,0.06686773378634261,5.966167235966917,0.08546297974520636,249.0,0.0,-0.07688610107132035,0.036050381129188645,0.13874545815051412,294.6419681898076,268.84544760958244,0.1041336886285337,1.435401277138352,0.16374191740761096,25.79652058022515,0.0,0.14414687755371033,0.0,0.023370714305901024,0.11448729733399957,-0.07688610107132035
2019-04-01,0.2024162399684575,0.23365204776678297,0.07341418981462602,5.966167235966917,0.09047108725824946,249.0,0.0,-0.07688610107132035,0.035596233261138074,0.16997637285396183,303.6638159588272,278.30191147368834,0.11204877985414062,8.98137732589609,0.174741686763139,25.361904485138837,0.0,0.2024162399684575,0.0,0.1462317241179265,0.6896136078618944,-0.07688610107132035
2019-05-01,0.2821367016367474,0.22960037463627,0.09329493432869775,5.966167235966917,0.11015462663473104,249.0,0.0,-0.07688610107132035,0.04787488546272398,0.19589424105041245,307.43308952718485,281.05142040516034,0.13693677315310876,11.28788009846351,0.19951886316094694,26.381669122024505,0.0,0.2821367016367474,0.0,0.1837854160380753,0.7756728244092064,-0.07688610107132035
2019-06-01,0.18134402603481084,0.22473219422150464,0.11814021399084752,5.966167235966917,0.1393214058212706,249.0,0.0,-0.07688610107132035,0.0728652464405926,0.255584472825133,314.23764470951016,288.9877028830399,0.17471360106786354,42.39096286485189,0.23395510369295644,25.249941826470263,0.0,0.18134402603481084,0.0,0.6901952074625494,2.5124173130839917,-0.07688610107132035
2019-07-01,0.22077177697594716,0.21679637773170315,0.14424490751084496,5.966167235966917,0.20592122960095804,249.0,0.0,-0.07688610107132035,0.1127830666006945,0.4176206527287999,316.50790809706,291.853443836117,0.20693213325615567,63.913974698823544,0.2696945946331681,24.65446426094303,0.0,0.22077177697594716,0.0,1.0,3.258049228639845,-0.07688610107132035
2019-08-01,0.18262722397506814,0.2185885392659967,0.1474485378167993,5.966167235966917,0.238561377664946,249.0,0.0,-0.07688610107132035,0.1221208675937458,0.49507722512611285,312.4209179143919,288.3326635417195,0.21465103240760178,45.01958815366328,0.24556626420709524,24.088254372672395,0.0,0.18262722397506814,0.0,0.732993588389555,2.3295445204197787,-0.07688610107132035
2019-09-01,0.23782150330660023,0.21308514453711766,0.11274782547790471,5.966167235966917,0.2038190380382045,249.0,0.0,-0.07688610107132035,0.07991952074013192,0.3526514142430304,304.5891668086032,285.3833751885417,0.18128494477705775,27.651824034819963,0.22357952083210883,19.20579162006146,0.0,0.23782150330660023,0.0,0.4502175731954126,1.6005747252212459,-0.07688610107132035
2019-10-01,0.15218827818820638,0.2222332880468234,0.08298860406256044,5.966167235966917,0.12191095643514359,249.0,0.0,-0.07688610107132035,0.040300348668317214,0.1779033675272108,296.69850599557833,274.66039941844014,0.13097572764799165,11.768540793164856,0.21535057318275078,22.038106577138194,0.0,0.15218827818820638,0.0,0.19161136962530922,0.8295736161391212,-0.07688610107132035
2019-11-01,0.16290879210525647,0.22334284953576997,0.07114851632549934,5.966167235966917,0.09080095092471081,249.0,0.0,-0.07688610107132035,0.03375920449902832,0.10183445914028333,281.2864551284189,266.81238709892676,0.1137417916043954,5.80416149306607,0.21011524481340677,14.474068029492116,0.0,0.16290879210525647,0.0,0.09450137895250361,0.442128692957771,-0.07688610107132035
2019-12-01,0.15150451026177877,0.34141255042551094,0.05124264780715924,5.966167235966917,0.06427971670131458,249.0,0.0,-0.07688610107132035,0.030741906946777767,0.08400164056002844,272.8176016368658,258.14816202899715,0.07482851761379788,4.312542590859649,0.19456976994453293,14.66943960786864,0.0,0.15150451026177877,0.0,0.07021534843827273,0.4016241137122767,-0.07688610107132035
2020-01-01,0.4956978782133438,0.4552623945177496,0.03608829074730193,5.966167235966917,0.04056078485754162,249.0,0.0,-0.07688610107132035,0.04082633900545592,0.05296134060434707,269.35740223493104,256.82153145813095,0.05084379774215425,3.3266878742209762,0.18568110240748698,12.535870776800095,0.0,0.4956978782133438,0.0,0.054163997992479104,0.35907341768910284,-0.07688610107132035
2020-02-01,0.25692961461544167,0.24155930065990058,0.05640349699736779,5.966167235966917,0.08238098539836702,249.0,0.0,-0.07688610107132035,0.043019547723094076,0.0918259481776036,282.97673841928844,263.1430556028678,0.08836672830791097,2.113226345061911,0.17661492766186385,19.833682816420662,0.0,0.25692961461544167,0.0,0.03440683101007516,0.18265874934044898,-0.07688610107132035
2020-03-01,0.16530371673775993,0.23473229340027815,0.062198629277601336,5.966167235966917,0.07231806144679868,249.0,0.0,-0.07688610107132035,0.03868950637167513,0.10786436874729095,295.2994420837118,269.74761084665033,0.09639017857930444,3.0194056430390397,0.17119891777197324,25.551831237061492,0.0,0.16530371673775993,0.0,0.0491609334483609,0.2503227697229736,-0.07688610107132035
2020-04-01,0.22097450408514077,0.23185820096302226,0.06631986575942272,5.966167235966917,0.08612936501082023,249.0,0.0,-0.07688610107132035,0.033357847067915336,0.16072298174826258,305.64779302303896,275.9752419917017,0.10089571304362147,2.0244543543185833,0.1711343700794984,29.672551031337264,0.0,0.22097450408514077,0.0,0.03296147571670068,0.16407256888325733,-0.07688610107132035
2020-05-01,0.19102937385755664,0.22783704740613298,0.0819109985631168,5.966167235966917,0.10494308116311875,249.0,0.0,-0.07688610107132035,0.04258356668814896,0.1918627654911481,308.41429862529276,281.3678313722666,0.12213149834632739,14.531926701177795,0.19338588446434193,27.04646725302615,0.0,0.19102937385755664,0.0,0.23660387701799876,1.065152302935027,-0.07688610107132035
2020-06-01,0.234504240100579,0.22116213475382437,0.1070895358917199,5.966167235966917,0.13606388452663143,249.0,0.0,-0.07688610107132035,0.07121183731831247,0.25017028007514336,315.59439770290965,288.8081491932441,0.16062895552655845,20.22486405634595,0.2062755344934799,26.78624850966554,0.0,0.234504240100579,0.0,0.32929434247047085,1.2634603158547182,-0.07688610107132035
2020-07-01,0.2078948284732479,0.21564750214630646,0.1431856456977955,5.966167235966917,0.21198531483871497,249.0,0.0,-0.07688610107132035,0.12034006191021411,0.4319984421572837,313.46105437548175,291.42180971829805,0.21224555754208987,50.78385823311064,0.23315500041749196,22.0392446571837,0.0,0.2078948284732479,0.0,0.8268454689433948,2.6480615943813333,-0.07688610107132035
2020-08-01,0.18698050493149299,0.21179821044987893,0.16236792787174154,5.966167235966917,0.24546875779276073,249.0,0.0,-0.07688610107132035,0.14360408098312022,0.5268298671130144,309.29272445448066,290.1495880355326,0.24772766899543242,104.78015590258968,0.2680740831210919,19.143136418948075,0.0,0.18698050493149299,0.0,1.0,2.8758137162019612,-0.07688610107132035
2020-09-01,0.15157720152483828,0.2099959280626217,0.12376508777431337,5.966167235966917,0.23934069030840918,249.0,0.0,-0.07688610107132035,0.09778030980015835,0.42494004008545866,301.5672181445926,283.5492377476502,0.2068405874382862,29.19590119874534,0.268711049197472,18.01798039694239,0.0,0.15157720152483828,0.0,0.47535771124538573,1.54920089031896,-0.07688610107132035
2020-10-01,0.15895608890558968,0.220526440379262,0.08282970456483216,5.966167235966917,0.12311245783545807,249.0,0.0,-0.07688610107132035,0.04106270481820329,0.1819908800108343,292.42907064580874,272.2065151368825,0.13169365231146501,3.9132616857086058,0.20823384414503196,20.222555508926234,0.0,0.15895608890558968,0.0,0.0637143928443847,0.2749941235279663,-0.07688610107132035
2020-11-01,0.21201199905882853,0.231221894606067,0.06672244039267564,5.966167235966917,0.09072918960146088,249.0,0.0,-0.07688610107132035,0.0386990225597502,0.10211444102357004,284.76478672740194,263.41083257682567,0.10435636455478511,4.319354759637723,0.2008149283703194,21.35395415057627,0.0,0.21201199905882853,0.0,0.07032626184823802,0.34413541267213393,-0.07688610107132035
2020-12-01,0.19977292442927405,0.24053413513322927,0.05967779035410529,5.966167235966917,0.08472118386314996,249.0,0.0,-0.07688610107132035,0.0411455046812868,0.09496464443111764,271.4497576395561,256.44566993501354,0.08984963162309348,0.5530406084741578,0.19601970595140938,15.004087704542542,0.0,0.19977292442927405,0.0,0.009004418670978672,0.047429213288414755,-0.07688610107132035
2021-01-01,0.19771878652470137,0.23702458281817385,0.05672100659197959,5.966167235966917,0.08347179765399113,249.0,0.0,-0.07688610107132035,0.043520072859350584,0.09271134780156425,273.6626898980341,258.7959676858595,0.08707992238004561,3.1279081906681254,0.18099667372612863,14.86672221217458,0.0,0.19771878652470137,0.0,0.050927534943349936,0.2722234128357859,-0.07688610107132035
2021-02-01,0.17158680114735975,0.23992695195018354,0.05755209184016806,4.635999309619437,0.0823567216534056,249.0,0.0006831460637709916,-0.07688610107132035,0.050441174451237296,0.09168119288095865,283.62338941146925,266.7259484013546,0.08926367906487889,1.8694463881404713,0.169464367956005,16.897441010114676,5.6261670222607226e-05,0.17158680114735975,0.0,0.030437688849303146,0.160821606130087,-0.07688610107132035
2021-03-01,0.29973879242200663,0.2270846129081049,0.06247462842331128,4.2172516039584345,0.07156131562696265,249.0,0.0018643655237485792,-0.07688610107132035,0.035379418513670095,0.1069556744684501,292.6170843788355,272.28354004280925,0.0962587385993609,7.516884678958276,0.17145810913126436,20.33354433602625,0.0001334164496889996,0.29973879242200663,0.0,0.12238735404539137,0.6236020618436294,-0.07688610107132035
2021-04-01,0.23684823784949327,0.2244315936951315,0.07296886302201866,3.080404509458634,0.09055799314824914,249.0,0.003932948616735391,-0.07688610107132035,0.039266245484258916,0.16783638677804272,299.73835337127275,274.9198016516158,0.10984547804734783,7.663116922758068,0.19914153311277746,24.818551719656966,0.0003561599338867395,0.23684823784949327,0.0,0.12476825759242534,0.5945720572747993,-0.07688610107132035
2021-05-01,0.2171726672203657,0.22818731142838408,0.09276970143450719,1.6130087043925858,0.11593027579330535,249.0,0.006231926956558378,-0.07688610107132035,0.051495917406855135,0.20349616479559296,308.1317760837082,281.72095580708117,0.1420142000999907,9.848489166253538,0.19306609387415308,26.41082027662702,0.0007224690107975469,0.2171726672203657,0.0,0.16034974352826084,0.6625633680255566,-0.07688610107132035
2021-06-01,0.16475878309684047,0.22016744939463434,0.12599601582462908,1.7832975162930926,0.16008326876111692,249.0,0.00744169023501851,-0.07688610107132035,0.08229649242989949,0.3097174798305588,314.4989974504087,288.88945321622526,0.18670404425624498,25.51067016635983,0.21185315452084721,25.60954423418343,0.0011912900979294473,0.16475878309684047,0.0,0.41535603576908536,1.4487275086983296,-0.07688610107132035
2021-07-01,0.1961471133602457,0.21862609789362625,0.15576391629927175,3.8827834829495758,0.22755347735066153,249.0,0.010237873155434292,-0.07688610107132035,0.12084182054475032,0.47173598093609215,316.2941964221438,293.1142230594044,0.22143286643464558,28.13532106862814,0.20933556045023347,23.17997336273936,0.0023296636371940628,0.1961471133602457,0.0,0.4580897070891547,1.4251489344270103,-0.07688610107132035
2021-08-01,0.3681349496841985,0.21826483041529182,0.15371539758153238,4.516989547346417,0.25378340066279187,249.0,0.012128007494026245,-0.07688610107132035,0.12071670665023837,0.5277692154546744,311.8458287401471,288.46221443082817,0.22506405128293014,24.455457150018752,0.21822561723023973,23.383614309318943,0.0030778869850978047,0.3681349496841985,0.0,0.398175417129857,1.2249137225675317,-0.07688610107132035
2021-09-01,0.188326897312218,0.21748436230027807,0.11338687349142659,3.458345268966489,0.20351449843911554,249.0,0.008416456426831033,-0.07688610107132035,0.07875213628639582,0.34608126732654065,305.73269186466143,285.4640983366199,0.18244440172431875,32.65404926256767,0.2484712513512632,20.26859352804155,0.0017128709083411883,0.188326897312218,0.0,0.5316620992338231,1.8823601954509779,-0.07688610107132035
2021-10-01,0.15129274340960455,0.2265404993552266,0.0871091450086024,3.016827113215496,0.12844044211592506,249.0,0.002594647824960433,-0.07688610107132035,0.04469967944127757,0.19173435091846647,293.38273980119527,270.78309255614124,0.13629514083708538,6.424234498671791,0.20315928118022178,22.59964724505403,0.0003332577137730414,0.15129274340960455,0.0,0.10459719626409424,0.4426548759892155,-0.07688610107132035
2021-11-01,0.1875758433230378,0.23328847875181055,0.07239487186366333,5.505797148184758,0.09276991287515265,249.0,0.000538511254622944,-0.07688610107132035,0.036403429612478506,0.10488786330234282,282.18291385646774,265.22567668651436,0.1139031821004412,6.456907137662915,0.1929808968450385,16.957237169953373,4.995764217365966e-05,0.1875758433230378,0.0,0.1051291610349517,0.49148011732516833,-0.07688610107132035
2021-12-01,0.14750322047144904,0.24070033449471698,0.06725452383853045,5.854891256950935,0.0880467624484488,249.0,0.0,-0.07688610107132035,0.03779804718058972,0.09929005028320537,272.93119824654144,258.5278688084172,0.10607489600836616,0.2134424210756797,0.17576969782028737,14.403329438124217,0.0,0.14750322047144904,0.0,0.003475196743355508,0.01686375589976968,-0.07688610107132035
2022-01-01,0.1417535440327653,0.23196461857329387,0.06276257970175424,6.234730603531299,0.0851254444535002,249.0,0.0,-0.07688610107132035,0.049667195316214434,0.09491971757714493,274.6722730872361,256.65598671971986,0.09836599668842332,1.957144247602755,0.17033136353492523,18.016286367516216,0.0,0.1417535440327653,0.0,0.03186555550330122,0.16064021069776874,-0.07688610107132035
2022-02-01,0.17525392122648847,0.2384497764780574,0.06148452421686743,5.181758316509855,0.08453873947736455,249.0,0.0,-0.07688610107132035,0.04931334782545657,0.09459924881326998,280.5595179393262,257.3000748890674,0.09484695317992707,1.590299374889039,0.16610084242886897,23.259443050258824,0.0,0.17525392122648847,0.0,0.025892712333014326,0.13288743760393462,-0.07688610107132035
2022-03-01,0.22328271681937717,0.24337002417506237,0.06302385815796845,1.5046402131661427,0.07487910297129498,249.0,0.0,-0.07688610107132035,0.03581838056873764,0.1129755687930288,293.4592920669427,270.4582157337188,0.09476389555456949,4.611043609710784,0.16688939857534696,23.001076333223864,0.0,0.22328271681937717,0.0,0.07507544027649243,0.38546898059685597,-0.07688610107132035
2022-04-01,0.21664618469964153,0.23634826164459835,0.07003192467954879,1.8936765279131529,0.08783841416315014,249.0,0.0,-0.07688610107132035,0.028386212574058007,0.16398222632024295,302.82027128917645,276.72025063959273,0.10366070136134727,6.560318747389802,0.18013236694872217,26.100020649583712,0.0,0.21664618469964153,0.0,0.1068128736143766,0.524464822621143,-0.07688610107132035
2022-05-01,0.2118276671982079,0.2345244576834287,0.07946597818956222,1.085861314635456,0.09619655458065349,249.0,0.0,-0.07688610107132035,0.03745226954927391,0.18121339809612297,310.5760522683813,282.58902349943713,0.11826261096677061,10.974121682233807,0.1962123415417594,27.987028768944185,0.0,0.2118276671982079,0.0,0.17867690845656115,0.818632690524186,-0.07688610107132035
2022-06-01,0.17342042004900177,0.23243912039643225,0.10665400343585119,1.7353615188696505,0.12587871736264744,249.0,0.0,-0.07688610107132035,0.08112789082044723,0.23071841202223178,315.8782042324622,290.18473265285706,0.15679255517170065,26.200772397045764,0.20162761564800763,25.69347157960516,0.0,0.17342042004900177,0.0,0.4265920450524124,1.661232136450287,-0.07688610107132035
2022-07-01,0.23801867154343354,0.22522373950596106,0.1465241914401014,3.8172164359245957,0.18977628616297512,249.0,0.0,-0.07688610107132035,0.13266722645697032,0.3875293514678879,312.0889195754894,291.6004258186526,0.21599631741399314,81.78477258413919,0.2338102195520583,20.488493756836817,0.0,0.23801867154343354,0.0,1.0,3.164593841420879,-0.07688610107132035
2022-08-01,0.17874502987692778,0.21371257936500837,0.16682365210329272,6.319411963702667,0.28243333856398595,249.0,0.0,-0.07688610107132035,0.13971129819982117,0.6158014800722224,308.82947568318326,289.54091681694393,0.25181293756317524,106.08532259456767,0.30798663168561635,19.288558866239327,0.0,0.17874502987692778,0.0,1.0,2.842419630518646,-0.07688610107132035
2022-09-01,0.20296330396854817,0.21562542134485405,0.12081936223650491,3.5078946759977443,0.2445956380403938,249.0,0.0,-0.07688610107132035,0.0732930402609712,0.4228066024634357,303.6044571143608,283.8547613094223,0.18746506829190415,9.56158226715423,0.20257764422932636,19.749695804938483,0.0,0.20296330396854817,0.0,0.1556784231957267,0.5415559675502704,-0.07688610107132035
2022-10-01,0.17875655396020762,0.234389373445245,0.08325408852582764,3.5864373280893567,0.14010807381790177,249.0,0.0,-0.07688610107132035,0.041452398835113646,0.1961009937836318,293.33490364518593,272.8937068988223,0.12719053273421016,6.6898011113976095,0.20585957450275474,20.44119674636363,0.0,0.17875655396020762,0.0,0.10892106132820673,0.47942605713959613,-0.07688610107132035
2022-11-01,0.17148669146606782,0.22689866948393225,0.07668845393299996,5.386954038584221,0.09390222773130362,249.0,0.0,-0.07688610107132035,0.039427713755777354,0.1072844960589662,281.6920994094852,269.4940529988429,0.11963284546805449,5.268418034816343,0.20101133659277223,12.198046410642291,0.0,0.17148669146606782,0.0,0.08577858658536057,0.3905544564728458,-0.07688610107132035
2022-12-01,0.1698294879165052,0.2398961081825418,0.0647025931510786,5.64715177460654,0.08664636443220458,249.0,0.0,-0.07688610107132035,0.04656081890392259,0.09673382177095323,270.86136424215505,255.3746087955012,0.1006212432735561,1.2604716170609362,0.18894942215924487,15.48675544665386,0.0,0.1698294879165052,0.0,0.020522569209187685,0.10229509534642968,-0.07688610107132035
2023-01-01,0.20145081503206494,0.24734664774634024,0.06251733575687222,5.997974288800521,0.08493502636208865,249.0,5.751083333231942e-07,-0.07688610107132035,0.04471764735563356,0.09447201012395016,274.66934219837293,257.4072201551178,0.09566948966355794,3.0483950065270116,0.17744699943989387,17.262122043255147,4.8846841451862365e-08,0.20145081503206494,0.0,0.04963292838300245,0.25365696240299557,-0.07688610107132035
2023-02-01,0.22576801034097843,0.2469027095992728,0.06091931034186843,5.716026928897666,0.08383524495475086,249.0,0.000412968716231367,-0.07688610107132035,0.04867523006570417,0.0933484738453128,282.6612660863948,263.7841245349015,0.0947456129746629,2.2523285222894733,0.16962952709058485,18.87714155149331,3.462133348390565e-05,0.22576801034097843,0.0,0.036671645243621945,0.18830537275513906,-0.07688610107132035
2023-03-01,0.21212925436740476,0.24452179382074304,0.06460555479146952,1.7734491282424345,0.08044743172882013,249.0,0.0017420374855396702,-0.07688610107132035,0.03553499073666893,0.12257722411242111,293.9760085372684,270.54644894759144,0.1011473972182965,2.2380835431772823,0.16426568794693336,23.429559589676956,0.0001401424416869981,0.21212925436740476,0.0,0.036439713349435354,0.1811592586002439,-0.07688610107132035
2023-04-01,0.2441346002567153,0.2413743406040962,0.06804503860935047,1.7305088575175445,0.08032800658170296,249.0,0.0032962123580475467,-0.07688610107132035,0.029215748513079787,0.14396173756635125,300.38840490743684,276.37866546796056,0.10147572640127665,8.078430340507667,0.1874365995529326,24.009739439476277,0.00026477816799193397,0.2441346002567153,0.0,0.1315302490914044,0.6528342219719178,-0.07688610107132035
2023-05-01,0.27057223271870384,0.23318253402425576,0.09132764623701164,2.2424162183452094,0.10978016455068462,249.0,0.00566367767252944,-0.07688610107132035,0.04462458947178898,0.1946727009756992,307.88440975727957,282.56871077061936,0.13583121853556654,18.031894890567727,0.2110918609161032,25.31569898666021,0.0006217594668523204,0.27057223271870384,0.0,0.2935891660356076,1.2449122209463983,-0.07688610107132035
2023-06-01,0.1893262774735164,0.23042700431284582,0.119666063915551,1.9658371148096283,0.151539598277695,249.0,0.007845694239509572,-0.07688610107132035,0.08100843689357148,0.2758757594077764,314.57990619013384,290.60704472145017,0.17717496224494467,32.66019726843854,0.19884567946044987,23.972861468683675,0.0011889333532649064,0.1893262774735164,0.0,0.5317621989697281,1.9185073379744884,-0.07688610107132035
2023-07-01,0.19611122768448988,0.22067923121716637,0.1568773910770761,4.310401828250988,0.2238818869765238,249.0,0.010651979031972222,-0.07688610107132035,0.13519793536768815,0.45531635114472196,314.2695616704389,293.04043818908787,0.22853813849868249,61.631441167595014,0.2359136575668646,21.229123481351053,0.0023847851657123067,0.19611122768448988,0.0,1.0,3.0437866500665343,-0.07688610107132035
2023-08-01,0.18545015785693847,0.22090860192235165,0.1575131444860993,4.426544949574214,0.2737347454476073,249.0,0.01088027098840291,-0.07688610107132035,0.12835841611156654,0.5803098939231549,313.12654722626553,291.0054503751516,0.23305818128152056,50.85041172177731,0.2591529186114487,22.12109685111392,0.002978308209411457,0.18545015785693847,0.0,0.8279290701596279,2.485839161716352,-0.07688610107132035
2023-09-01,0.19161021847119356,0.21949586791762277,0.11792479139471242,3.000580171151087,0.21451497649652382,249.0,0.009285500668834308,-0.07688610107132035,0.07295190220520581,0.36186062862724633,303.6885702358023,283.41473655099264,0.17849299742882785,39.20103343543327,0.24931722483727742,20.27383368480963,0.0019918789577334475,0.19161021847119356,0.0,0.6382578638511831,2.291827334058184,-0.07688610107132035
2023-10-01,0.15064507605754496,0.22789670387813074,0.09032767666468525,1.4288648837649796,0.12709222291018185,249.0,0.0035820444637992034,-0.07688610107132035,0.046533030526245946,0.1657654939865732,296.22708192933135,276.43671478464563,0.14126323813128544,6.917492073218293,0.2112871625948929,19.790367144685717,0.0004552499934673512,0.15064507605754496,0.0,0.11262824795504021,0.46682722501532786,-0.07688610107132035
2023-11-01,0.13924555401815278,0.2377089756642036,0.07768496149620475,4.161343698776646,0.0965662725835498,249.0,0.00033921646025858844,-0.07688610107132035,0.03675463073939174,0.1105523367438007,280.8189883635382,264.22307130954545,0.11989931179441508,3.127951812917009,0.1819218656374996,16.595917053992764,3.275686916615774e-05,0.13924555401815278,0.0,0.05092824518593665,0.23159801988625464,-0.07688610107132035
